{
  "Version": "2012-10-17",
  "Statement": [
    {
      "Effect": "Allow",
      "Action": [
        "dynamodb:Query"
      ],
      "Resource": [
        "arn:aws:dynamodb:us-east-1:696791035505:table/S3-object-size-history",
        "arn:aws:dynamodb:us-east-1:696791035505:table/S3-object-size-history/index/*"
      ]
    },
    {
      "Effect": "Allow",
      "Action": [
        "s3:PutObject",
        "s3:GetObject"
      ],
      "Resource": [
        "arn:aws:s3:::testbucket-mandar-cs6620/*"
      ]
    },
    {
      "Effect": "Allow",
      "Action": [
        "logs:CreateLogGroup",
        "logs:CreateLogStream",
        "logs:PutLogEvents"
      ],
      "Resource": [
        "arn:aws:logs:*:*:*"
      ]
    }
  ]
}
